<!DOCTYPE suite SYSTEM "https://testng.org/testng-1.0.dtd" >

<suite name="manipal testng suite" verbose="1" parallel="classes">
    <parameter name = "browser" value="chrome"/>

    <test name="Functional  testing" >
        <classes>

            <class name="org.example.Parameters" />
            <class name="org.example.SingleRadio" />
            <class name="org.example.WindowHandling" />
            <class name="org.example.BrowserCommands" />



    </classes>
</test>
</suite>
